{
    "loss": 0.3502332866191864,
    "compile_metrics": 0.8525640964508057
}