{
    "accuracy": 0.8525641025641025,
    "balanced_accuracy": 0.823076923076923,
    "classification_report": {
        "NORMAL": {
            "precision": 0.8776595744680851,
            "recall": 0.7051282051282052,
            "f1-score": 0.7819905213270142,
            "support": 234.0
        },
        "PNEUMONIA": {
            "precision": 0.841743119266055,
            "recall": 0.941025641025641,
            "f1-score": 0.8886198547215496,
            "support": 390.0
        },
        "accuracy": 0.8525641025641025,
        "macro avg": {
            "precision": 0.85970134686707,
            "recall": 0.823076923076923,
            "f1-score": 0.8353051880242819,
            "support": 624.0
        },
        "weighted avg": {
            "precision": 0.8552117899668163,
            "recall": 0.8525641025641025,
            "f1-score": 0.8486338546985989,
            "support": 624.0
        }
    }
}