{
    "accuracy": [
        0.6535659432411194,
        0.8205521702766418,
        0.870782196521759,
        0.8857361674308777,
        0.8930214643478394,
        0.90625
    ],
    "auc": [
        0.7057474851608276,
        0.9013179540634155,
        0.948478639125824,
        0.9574734568595886,
        0.9627268314361572,
        0.9708629250526428
    ],
    "loss": [
        0.6308503746986389,
        0.42664262652397156,
        0.3323953449726105,
        0.2946840226650238,
        0.2709502577781677,
        0.24576400220394135
    ],
    "precision": [
        0.8435215950012207,
        0.9295527338981628,
        0.9579399228096008,
        0.9632664322853088,
        0.9683704972267151,
        0.9769014120101929
    ],
    "recall": [
        0.6552258133888245,
        0.8206451535224915,
        0.8640000224113464,
        0.879741907119751,
        0.8849032521247864,
        0.8949677348136902
    ],
    "val_accuracy": [
        0.875,
        0.8125,
        0.875,
        0.8125,
        0.8125,
        0.8125
    ],
    "val_auc": [
        0.96875,
        0.96875,
        0.96875,
        0.96875,
        0.96875,
        0.96875
    ],
    "val_loss": [
        0.41668200492858887,
        0.33738940954208374,
        0.31736576557159424,
        0.3248650133609772,
        0.3282131850719452,
        0.35031238198280334
    ],
    "val_precision": [
        0.875,
        0.7777777910232544,
        0.800000011920929,
        0.7272727489471436,
        0.7272727489471436,
        0.7272727489471436
    ],
    "val_recall": [
        0.875,
        0.875,
        1.0,
        1.0,
        1.0,
        1.0
    ],
    "learning_rate": [
        9.999999747378752e-05,
        9.999999747378752e-05,
        9.999999747378752e-05,
        9.999999747378752e-05,
        9.999999747378752e-05,
        4.999999873689376e-05
    ]
}